{
  "IsEncrypted": false,
  "Values": {
    "WEBSITE_AUTH_DISABLE_WWWAUTHENTICATE": "False",
    "WEBSITE_AUTH_TOKEN_STORE": "True",
    "WEBSITE_SLOT_NAME": "Production",
    "WEBSITE_AUTH_PRESERVE_URL_FRAGMENT": "False",
    "FUNCTIONS_EXTENSION_VERSION": "~4",
    "ScmType": "None",
    "WEBSITE_AUTH_COOKIE_EXPIRATION_TIME": "08:00:00",
    "NamecheapAPIKey": "4215bf1436f44fce8704515aa1139e47",
    "WEBSITE_AUTH_VALIDATE_NONCE": "True",
    "REMOTEDEBUGGINGVERSION": "16.0.32106.67",
    "WEBSITE_AUTH_COOKIE_EXPIRATION_MODE": "FixedTime",
    "APPLICATIONINSIGHTS_CONNECTION_STRING": "InstrumentationKey=e27fb5b7-f862-4ab2-a207-091283ece982;IngestionEndpoint=https://uksouth-1.in.applicationinsights.azure.com/;LiveEndpoint=https://uksouth.livediagnostics.monitor.azure.com/",
    "FUNCTIONS_RUNTIME_SCALE_MONITORING_ENABLED": "0",
    "WEBSITE_AUTH_AAD_ALLOWED_TENANTS": "2c326271-2dbb-42f6-b2e3-f675bb815bd4",
    "OUTBOUNDIP": "20.108.110.110",
    "WEBSITE_AUTH_UNAUTHENTICATED_ACTION": "AllowAnonymous",
    "WEBSITE_AUTH_NONCE_DURATION": "00:05:00",
    "NamecheapAPIUserName": "computastar",
    "MICROSOFT_PROVIDER_AUTHENTICATION_SECRET": "w0S8Q~KQJ6Qbw6h1f2gW6nivsHUI1p6gsp9tQb3y",
    "WEBSITE_AUTH_RUNTIME_VERSION": "~1",
    "WEBSITE_CONTENTAZUREFILECONNECTIONSTRING": "DefaultEndpointsProtocol=https;AccountName=cstarprodposhcertstr;AccountKey=/d2AcMuoncaOfc4nbTrZ5x3ujvhaQ9EhXxywvNh9mSO0+EfRcJBwYV7x4+2etYvmEUqRDd+mXLMa+ASt7aKpKw==;EndpointSuffix=core.windows.net",
    "WEBSITE_CONTENTSHARE": "cstar-prod-posh-cert-func-app-serverless8225",
    "WEBSITE_AUTH_AUTO_AAD": "False",
    "WEBSITE_AUTH_PROXY_HEADER_CONVENTION": "NoProxy",
    "WEBSITE_AUTH_API_PREFIX": "/.auth",
    "WEBSITE_AUTH_ENABLED": "False",
    "AzureWebJobsStorage": "DefaultEndpointsProtocol=https;AccountName=cstarprodposhcertstr;AccountKey=/d2AcMuoncaOfc4nbTrZ5x3ujvhaQ9EhXxywvNh9mSO0+EfRcJBwYV7x4+2etYvmEUqRDd+mXLMa+ASt7aKpKw==;EndpointSuffix=core.windows.net",
    "WEBSITE_AUTH_REQUIRE_HTTPS": "True",
    "FUNCTIONS_WORKER_RUNTIME": "powershell",
    "WEBSITE_AUTH_TOKEN_REFRESH_HOURS": "72",
    "WEBSITE_AUTH_LOGOUT_PATH": "/.auth/logout",
    "WEBSITE_SITE_NAME": "cstar-prod-posh-cert-func-App-serverless"
  }
}